{"cameraMode":{"drawMode":0,"name":"Shaded","section":"Shading Mode"},"sceneLighting":false,"audioPlay":false,"sceneViewState":{"showFog":true,"showMaterialUpdate":false,"showSkybox":false,"showFlares":true,"showImageEffects":true,"showParticleSystems":true},"in2DMode":false,"pivot":{"x":10.0,"y":0.9771801829338074,"z":-0.246781587600708},"rotation":{"x":-0.00418756203725934,"y":0.026990875601768495,"z":0.00011264911154285073,"w":0.9996269345283508},"size":7.045516490936279,"orthographic":false}